prev_id,curr_id,n,prev_title,curr_title,type
,3632887,121,other-google,!!,other
,3632887,93,other-wikipedia,!!,other
,3632887,46,other-empty,!!,other
,3632887,10,other-other,!!,other
64486,3632887,11,!_(disambiguation),!!,other
2061699,2556962,19,Louden_Up_Now,!!!_(album),link
,2556962,25,other-empty,!!!_(album),other
,2556962,16,other-google,!!!_(album),other
,2556962,44,other-wikipedia,!!!_(album),other
64486,2556962,15,!_(disambiguation),!!!_(album),link
600744,2556962,297,!!!,!!!_(album),link
,6893310,11,other-empty,!Hero_(album),other
1921683,6893310,26,!Hero,!Hero_(album),link
,6893310,16,other-wikipedia,!Hero_(album),other
,6893310,23,other-google,!Hero_(album),other
8127304,22602473,16,Jericho_Rosales,!Oka_Tokat,link
35978874,22602473,20,List_of_telenovelas_of_ABS-CBN,!Oka_Tokat,link
,22602473,57,other-google,!Oka_Tokat,other
,22602473,12,other-wikipedia,!Oka_Tokat,other
,22602473,23,other-empty,!Oka_Tokat,other
7360687,22602473,10,Rica_Peralejo,!Oka_Tokat,link
37104582,22602473,11,Jeepney_TV,!Oka_Tokat,link
34376590,22602473,22,Oka_Tokat_(2012_TV_series),!Oka_Tokat,link
,6810768,20,other-wikipedia,!T.O.O.H.!,other
,6810768,81,other-google,!T.O.O.H.!,other
31976181,6810768,51,"List_of_death_metal_bands,_!–K",!T.O.O.H.!,link
,6810768,35,other-empty,!T.O.O.H.!,other
,3243047,21,other-empty,!_(album),other
1337475,3243047,208,The_Dismemberment_Plan,!_(album),link
3284285,3243047,78,The_Dismemberment_Plan_Is_Terrified,!_(album),link
,3243047,28,other-wikipedia,!_(album),other
2098292,899480,58,United_States_military_award_devices,A_Device,link
194844,899480,15,USS_Yorktown_(CV-5),A_Device,link
,899480,17,other-google,A_Device,other
,899480,13,other-empty,A_Device,other
,899480,29,other-wikipedia,A_Device,other
878246,899480,11,American_Defense_Service_Medal,A_Device,link
855901,899480,24,Overseas_Service_Ribbon,A_Device,other
206427,899480,33,USS_Ranger_(CV-4),A_Device,link
773691,899480,47,Antarctica_Service_Medal,A_Device,link
2301720,1282996,43,Kinsey_Millhone,A_Is_for_Alibi,link
,1282996,45,other-empty,A_Is_for_Alibi,other
,1282996,10,other-yahoo,A_Is_for_Alibi,other
470006,1282996,207,Sue_Grafton,A_Is_for_Alibi,link
,1282996,18,other-other,A_Is_for_Alibi,other
,1282996,31,other-wikipedia,A_Is_for_Alibi,other
,1282996,272,other-google,A_Is_for_Alibi,other
39606873,1282996,10,W_Is_for_Wasted,A_Is_for_Alibi,link
26181056,9003666,17,And,And_theory_of_conservatism,link
,9003666,109,other-wikipedia,And_theory_of_conservatism,other
,9003666,18,other-google,And_theory_of_conservatism,other
,39072529,49,other-google,Bassy_Bob_Brockmann,other
,39072529,10,other-other,Bassy_Bob_Brockmann,other
11273993,,15,Colt_1851_Navy_Revolver,Bigfoot_Wallace,redlink
12571133,25033979,12,V_Is_for_Vagina,C_is_for_(Please_Insert_Sophomoric_Genitalia_Reference_HERE),link
113468,25033979,24,The_Mission,C_is_for_(Please_Insert_Sophomoric_Genitalia_Reference_HERE),link
14096078,25033979,15,Trent_Reznor_discography,C_is_for_(Please_Insert_Sophomoric_Genitalia_Reference_HERE),other
,25033979,42,other-empty,C_is_for_(Please_Insert_Sophomoric_Genitalia_Reference_HERE),other
1375614,25033979,15,Tapeworm_(band),C_is_for_(Please_Insert_Sophomoric_Genitalia_Reference_HERE),other
159547,25033979,25,Milla_Jovovich,C_is_for_(Please_Insert_Sophomoric_Genitalia_Reference_HERE),other
28639397,25033979,73,Sound_into_Blood_into_Wine,C_is_for_(Please_Insert_Sophomoric_Genitalia_Reference_HERE),link
1893465,25033979,30,Carina_Round,C_is_for_(Please_Insert_Sophomoric_Genitalia_Reference_HERE),other
33622887,25033979,10,Conditions_of_My_Parole,C_is_for_(Please_Insert_Sophomoric_Genitalia_Reference_HERE),link
147692,25033979,25,Tim_Alexander,C_is_for_(Please_Insert_Sophomoric_Genitalia_Reference_HERE),other
4619790,25033979,593,Puscifer,C_is_for_(Please_Insert_Sophomoric_Genitalia_Reference_HERE),link
,25033979,36,other-wikipedia,C_is_for_(Please_Insert_Sophomoric_Genitalia_Reference_HERE),other
,25033979,93,other-google,C_is_for_(Please_Insert_Sophomoric_Genitalia_Reference_HERE),other
69161,,51,Tết,Chúc_Mừng_Năm_Mới_or_best_wishes_for_the_new_year.,redlink
1438509,,14,List_of_Old_West_gunfighters,Cool_Hand_Conor_O'Neill,redlink
,331586,6820,other-google,Crocodile_Dundee,other
,331586,20,other-twitter,Crocodile_Dundee,other
,331586,781,other-wikipedia,Crocodile_Dundee,other
489033,331586,59,List_of_Academy_Awards_ceremonies,Crocodile_Dundee,link
10040606,331586,38,List_of_Australian_films,Crocodile_Dundee,other
2564144,331586,154,Crocodile_Dundee_in_Los_Angeles,Crocodile_Dundee,link
6127928,331586,14,Bobby_Alto,Crocodile_Dundee,other
152171,331586,13,Baz_Luhrmann,Crocodile_Dundee,link
8078282,331586,348,Australia_(2008_film),Crocodile_Dundee,link
37386608,331586,66,2015_in_film,Crocodile_Dundee,link
34557,331586,12,1980s,Crocodile_Dundee,other
1118809,331586,297,Crocodile_Dundee_II,Crocodile_Dundee,link
7033,331586,52,Caitlin_Clarke,Crocodile_Dundee,other
72766,331586,31,Dundee_(disambiguation),Crocodile_Dundee,other
171612,331586,221,1986_in_film,Crocodile_Dundee,link
2376452,331586,34,Australian_New_Wave,Crocodile_Dundee,other
1248074,331586,60,David_Gulpilil,Crocodile_Dundee,link
865241,331586,10,Crocodile_Hunter,Crocodile_Dundee,other
196020,331586,12,Crocodilia,Crocodile_Dundee,link
643649,331586,85,List_of_most_watched_television_broadcasts,Crocodile_Dundee,link
8306521,331586,13,Anne_Carlisle,Crocodile_Dundee,other
1448969,331586,18,Bart_vs._Australia,Crocodile_Dundee,other
70209,331586,153,Cinema_of_Australia,Crocodile_Dundee,link
4008173,331586,18,59th_Academy_Awards,Crocodile_Dundee,link
331460,331586,17,Bowie_knife,Crocodile_Dundee,link
37882,331586,21,Crocodile,Crocodile_Dundee,other
44789934,331586,1283,Deaths_in_2015,Crocodile_Dundee,link
22344579,331586,30,Academy_Award_for_Best_Original_Screenplay,Crocodile_Dundee,link
1872502,331586,10,Boy-Scoutz_'n_the_Hood,Crocodile_Dundee,other
5644,331586,13,Comedy_film,Crocodile_Dundee,link
458340,331586,10,List_of_films_set_in_New_York_City,Crocodile_Dundee,other
905528,331586,20,List_of_films_set_in_Australia,Crocodile_Dundee,other
19924718,331586,12,Hello_Kitty's_Furry_Tale_Theater,Crocodile_Dundee,other
1422400,331586,147,Linda_Kozlowski,Crocodile_Dundee,other
10449888,331586,28,List_of_Paramount_Pictures_films,Crocodile_Dundee,link
11730578,331586,20,List_of_American_films_of_1986,Crocodile_Dundee,other
2321513,331586,45,John_Meillon,Crocodile_Dundee,link
,331586,910,other-empty,Crocodile_Dundee,other
238004,331586,15,The_Rescuers_Down_Under,Crocodile_Dundee,other
483895,331586,13,Young_Einstein,Crocodile_Dundee,link
6534317,331586,21,The_Man_from_Snowy_River_(1982_film),Crocodile_Dundee,other
61066,331586,11,Skippy_the_Bush_Kangaroo,Crocodile_Dundee,link
10670306,331586,83,"Michael_""Crocodile""_Dundee",Crocodile_Dundee,link
693780,331586,1222,Paul_Hogan,Crocodile_Dundee,link
566405,331586,26,Saltwater_crocodile,Crocodile_Dundee,other
,331586,274,other-yahoo,Crocodile_Dundee,other
20813810,331586,13,Peter_Best_(composer),Crocodile_Dundee,other
1260945,331586,28,Reginald_VelJohnson,Crocodile_Dundee,other
1065264,331586,12,Plaza_Hotel,Crocodile_Dundee,link
40156059,331586,30,Live_It_Up_(Mental_As_Anything_song),Crocodile_Dundee,link
15580374,331586,289,Main_Page,Crocodile_Dundee,other
1264623,331586,14,Mental_As_Anything,Crocodile_Dundee,link
22466550,331586,16,Paul_Greco,Crocodile_Dundee,other
22918,331586,140,Paramount_Pictures,Crocodile_Dundee,link
1352817,331586,31,Rodney_Ansell,Crocodile_Dundee,link
,331586,308,other-other,Crocodile_Dundee,other
6873934,331586,11,Steve_Irwin,Crocodile_Dundee,other
,331586,417,other-bing,Crocodile_Dundee,other
88609,331586,38,Star_Trek_IV:_The_Voyage_Home,Crocodile_Dundee,link
4464034,331586,1690,Terry_Gill,Crocodile_Dundee,link
4148842,331586,17,The_Cowboy_Way_(film),Crocodile_Dundee,other
2747201,331586,33,Shrimp_on_the_barbie,Crocodile_Dundee,other
885480,331586,20,The_Adventures_of_Bayou_Billy,Crocodile_Dundee,other
470006,16250593,24,Sue_Grafton,D_Is_for_Deadbeat,link
16250549,16250593,31,C_Is_for_Corpse,D_Is_for_Deadbeat,link
,16250593,21,other-google,D_Is_for_Deadbeat,other
2301720,16250593,10,Kinsey_Millhone,D_Is_for_Deadbeat,link
,16250593,15,other-empty,D_Is_for_Deadbeat,other
4619790,,47,Puscifer,D_Is_for_Dubby_–_The_Lustmord_Dub_Mixes,redlink
16079543,,43,V_Is_for_Viagra._The_Remixes,D_Is_for_Dubby_–_The_Lustmord_Dub_Mixes,redlink
25033979,,18,C_is_for_(Please_Insert_Sophomoric_Genitalia_Reference_HERE),D_Is_for_Dubby_–_The_Lustmord_Dub_Mixes,redlink
238341,39304968,44,David_Hockney,David_Hockney:_A_Bigger_Picture_in_Bilbao,link
1728819,39304968,17,Brian_Sewell,David_Hockney:_A_Bigger_Picture_in_Bilbao,link
,39304968,108,other-google,David_Hockney:_A_Bigger_Picture_in_Bilbao,other
2548364,1896643,25,Dutch_Mantel,Dr._Death_Steve_Williams,link
1910311,1896643,34,Clash_of_the_Champions,Dr._Death_Steve_Williams,link
1451758,1896643,33,Alexey_Ignashov,Dr._Death_Steve_Williams,link
1983348,1896643,15,Dan_Spivey,Dr._Death_Steve_Williams,link
1691016,1896643,31,Kevin_Sullivan_(wrestler),Dr._Death_Steve_Williams,link
16409926,1896643,19,Learning_the_Ropes,Dr._Death_Steve_Williams,link
1002441,1896643,238,Jim_Ross,Dr._Death_Steve_Williams,link
2004376,1896643,12,List_of_NWA_World_Tag_Team_Champions,Dr._Death_Steve_Williams,link
306115,1896643,27,List_of_Extreme_Championship_Wrestling_alumni,Dr._Death_Steve_Williams,link
24445746,1896643,20,List_of_Legends_of_Wrestling_characters,Dr._Death_Steve_Williams,link
1441354,1896643,19,Jushin_Thunder_Liger,Dr._Death_Steve_Williams,link
1902117,1896643,24,List_of_World_Championship_Wrestling_alumni,Dr._Death_Steve_Williams,link
39275628,1896643,38,List_of_professional_wrestlers_by_MMA_record,Dr._Death_Steve_Williams,link
33244435,1896643,72,List_of_Wrestling_Observer_Newsletter_awards,Dr._Death_Steve_Williams,link
,1896643,1227,other-google,Dr._Death_Steve_Williams,other
,1896643,226,other-wikipedia,Dr._Death_Steve_Williams,other
307526,1896643,24,Raven_(wrestler),Dr._Death_Steve_Williams,link
1871528,1896643,75,Mike_Polchlopek,Dr._Death_Steve_Williams,link
1235858,1896643,31,Ron_Simmons,Dr._Death_Steve_Williams,link
3730230,1896643,46,Powerslam,Dr._Death_Steve_Williams,link
1779766,1896643,21,Nikita_Koloff,Dr._Death_Steve_Williams,link
9044129,1896643,10,Salman_Hashimikov,Dr._Death_Steve_Williams,link
1854348,1896643,36,Michael_Hayes_(wrestler),Dr._Death_Steve_Williams,link
690045,1896643,21,Sid_Eudy,Dr._Death_Steve_Williams,link
1984531,1896643,30,Skandor_Akbar,Dr._Death_Steve_Williams,link
844984,1896643,23,Ring_name,Dr._Death_Steve_Williams,link
30864960,1896643,46,Mike_Rotunda,Dr._Death_Steve_Williams,link
1887139,1896643,15,The_Blade_Runners,Dr._Death_Steve_Williams,link
17599211,1896643,17,Starrcade_(1987),Dr._Death_Steve_Williams,link
2143297,1896643,42,Triple_Crown_Heavyweight_Championship,Dr._Death_Steve_Williams,link
1873599,1896643,104,Terry_Gordy,Dr._Death_Steve_Williams,link
472883,1896643,47,Universal_Wrestling_Federation_(Bill_Watts),Dr._Death_Steve_Williams,link
,1896643,190,other-empty,Dr._Death_Steve_Williams,other
1848273,1896643,39,Vampiro,Dr._Death_Steve_Williams,link
579700,1896643,245,Steve_Williams,Dr._Death_Steve_Williams,link
13268270,1896643,17,The_Miracle_Violence_Connection,Dr._Death_Steve_Williams,link
2100406,1896643,38,The_Bushwhackers,Dr._Death_Steve_Williams,link
2267673,1896643,45,Wrestling_Observer_Newsletter_Hall_of_Fame,Dr._Death_Steve_Williams,link
2001780,1896643,10,Carl_Ouellet,Dr._Death_Steve_Williams,link
1889491,1896643,128,Dr._Death,Dr._Death_Steve_Williams,link
2748007,1896643,28,Bill_Watts,Dr._Death_Steve_Williams,link
591757,1896643,33,Big_Boss_Man_(wrestler),Dr._Death_Steve_Williams,link
1912776,1896643,12,Chi-Town_Rumble,Dr._Death_Steve_Williams,link
1027406,1896643,18,Big_Van_Vader,Dr._Death_Steve_Williams,link
1690819,1896643,11,Barry_Windham,Dr._Death_Steve_Williams,link
2024278,1896643,17,Kenta_Kobashi,Dr._Death_Steve_Williams,link
1931006,1896643,44,John_Laurinaitis,Dr._Death_Steve_Williams,link
272874,1896643,24,Lex_Luger,Dr._Death_Steve_Williams,link
3864676,1896643,10,Gary_Albright,Dr._Death_Steve_Williams,link
30654736,1896643,17,List_of_Pro_Wrestling_Illustrated_awards,Dr._Death_Steve_Williams,link
1911262,1896643,11,Halloween_Havoc,Dr._Death_Steve_Williams,link
795587,1896643,105,Jerry_Only,Dr._Death_Steve_Williams,link
1785504,1896643,16,Ed_Ferrara,Dr._Death_Steve_Williams,link
21771811,1896643,51,List_of_WWE_alumni_(S–Z),Dr._Death_Steve_Williams,link
1985456,1896643,12,List_of_WCW_World_Tag_Team_Champions,Dr._Death_Steve_Williams,link
,1896643,54,other-other,Dr._Death_Steve_Williams,other
,1896643,70,other-yahoo,Dr._Death_Steve_Williams,other
1683451,1896643,10,Paul_Orndorff,Dr._Death_Steve_Williams,link
1766555,1896643,34,One_Man_Gang,Dr._Death_Steve_Williams,link
1940350,1896643,12,Powerbomb,Dr._Death_Steve_Williams,other
993933,1896643,17,Rikishi_(wrestler),Dr._Death_Steve_Williams,link
1286898,1896643,19,Mitsuharu_Misawa,Dr._Death_Steve_Williams,link
1840022,1896643,36,Pro_Wrestling_Illustrated,Dr._Death_Steve_Williams,link
4167276,1896643,27,Serena_Deeb,Dr._Death_Steve_Williams,link
674611,1896643,18,Tazz,Dr._Death_Steve_Williams,link
471752,1896643,19,World_Class_Championship_Wrestling,Dr._Death_Steve_Williams,link
,1896643,75,other-bing,Dr._Death_Steve_Williams,other
2652496,1896643,12,Virtual_Pro_Wrestling_2:_Ōdō_Keishō,Dr._Death_Steve_Williams,link
882433,1896643,14,Theodore_Long,Dr._Death_Steve_Williams,link
17935523,1896643,17,Starrcade_(1999),Dr._Death_Steve_Williams,link
1896801,1896643,35,The_Varsity_Club,Dr._Death_Steve_Williams,link
3202675,1896643,255,WWF_Brawl_for_All,Dr._Death_Steve_Williams,link
1513139,1896643,12,Starrcade,Dr._Death_Steve_Williams,link
5978726,1896643,13,The_Great_American_Bash,Dr._Death_Steve_Williams,link
3209327,1896643,33,Universal_Wrestling_Federation_(Herb_Abrams),Dr._Death_Steve_Williams,link
470006,16251903,26,Sue_Grafton,E_Is_for_Evidence,link
,16251903,10,other-wikipedia,E_Is_for_Evidence,other
,16251903,26,other-google,E_Is_for_Evidence,other
16250593,16251903,27,D_Is_for_Deadbeat,E_Is_for_Evidence,link
2301720,16251903,10,Kinsey_Millhone,E_Is_for_Evidence,link
39737124,,23,Yoon_So-hee,EXO_Music_Video_Drama,redlink
29668256,,24,Separation_(statistics),Firth_logistic_regression,redlink
,27653497,12,other-empty,Five_stars_rise_in_the_East_arm_protector,other
,27653497,32,other-wikipedia,Five_stars_rise_in_the_East_arm_protector,other
33109636,27653497,17,List_of_Chinese_cultural_relics_forbidden_to_be_exhibited_abroad,Five_stars_rise_in_the_East_arm_protector,other
3855385,44783572,10,Albanian_Subversion,Free_Albania_National_Committee,link
1733948,44783572,12,Midhat_Frashëri,Free_Albania_National_Committee,link
,44783572,13,other-google,Free_Albania_National_Committee,other
1696824,,20,"Kirkwood,_Atlanta",Future_(rapper)_on_@Wikipedia:_https://en.wikipedia.org/wiki/Future_(rapper),redlink
,37732991,14,other-google,"Good_Day,_Fellow!_""Axe_Handle!""",other
,37732991,16,other-wikipedia,"Good_Day,_Fellow!_""Axe_Handle!""",other
,8617839,15,other-wikipedia,"Good_Luck,_Father_Ted",other
,8617839,64,other-google,"Good_Luck,_Father_Ted",other
26941571,8617839,16,List_of_Father_Ted_characters,"Good_Luck,_Father_Ted",link
11313,8617839,10,Father_Ted,"Good_Luck,_Father_Ted",link
6734598,8617839,94,List_of_Father_Ted_episodes,"Good_Luck,_Father_Ted",link
8618299,8617839,13,Entertaining_Father_Stone,"Good_Luck,_Father_Ted",link
,8617839,18,other-empty,"Good_Luck,_Father_Ted",other
16203597,16204072,23,G_Is_for_Gumshoe,H_Is_for_Homicide,link
,16204072,24,other-google,H_Is_for_Homicide,other
2301720,16204072,11,Kinsey_Millhone,H_Is_for_Homicide,link
470006,16204072,26,Sue_Grafton,H_Is_for_Homicide,link
38164596,1261557,13,Where_Are_We_Now?,Heroes,link
,1261557,38,other-bing,Heroes,other
1261548,1261557,59,Station_to_Station,Heroes,link
809108,1261557,61,The_Thin_White_Duke,Heroes,link
3041018,1261557,395,Stage_(David_Bowie_album),Heroes,link
77767,1261557,23,The_Rise_and_Fall_of_Ziggy_Stardust_and_the_Spiders_from_Mars,Heroes,link
4231979,1261557,29,V-2_Schneider,Heroes,link
1261545,1261557,17,Young_Americans_(album),Heroes,link
1448584,1261557,14,Symphony_No._1_(Glass),Heroes,link
,1261557,30,other-other,Heroes,other
954203,1261557,11,Neu!_'75,Heroes,link
24540,1261557,10,Philip_Glass,Heroes,link
15580374,1261557,40,Main_Page,Heroes,other
4232032,1261557,16,Sense_of_Doubt,Heroes,link
286992,1261557,12,Oblique_Strategies,Heroes,link
1448572,1261557,2625,Low_(David_Bowie_album),Heroes,link
21222062,1261557,17,Brian_Eno,Heroes,link
8786,1261557,2302,David_Bowie,Heroes,link
331174,1261557,1076,David_Bowie_discography,Heroes,link
195834,1261557,18,Aladdin_Sane,Heroes,link
3371542,1261557,30,Beauty_and_the_Beast_(David_Bowie_song),Heroes,link
2371832,1261557,16,Carlos_Alomar,Heroes,link
2242811,1261557,10,Best_of_Bowie,Heroes,link
3239642,1261557,748,Heroes_(David_Bowie_song),Heroes,link
2717533,1261557,17,Joe_the_Lion,Heroes,link
10631715,1261557,12,Fripp_&_Eno,Heroes,link
12439517,1261557,13,Hansa_Tonstudio,Heroes,link
735563,1261557,11,Florian_Schneider,Heroes,link
,1261557,1904,other-google,Heroes,other
,1261557,423,other-wikipedia,Heroes,other
,1261557,13,other-twitter,Heroes,other
525018,1261557,15,Hunky_Dory,Heroes,link
1261524,1261557,10,Let's_Dance_(David_Bowie_album),Heroes,link
11327948,1261557,482,Heroes,Heroes,other
1261561,1261557,88,Lodger_(album),Heroes,link
4231891,1261557,17,Blackout_(David_Bowie_song),Heroes,link
160783,1261557,25,1977_in_music,Heroes,link
1055167,1261557,10,Diamond_Dogs,Heroes,link
700842,1261557,11,David_Bowie_(1969_album),Heroes,link
,1261557,33,other-yahoo,Heroes,other
,1261557,410,other-empty,Heroes,other
38164057,1261557,150,The_Next_Day,Heroes,link
751761,1261557,26,Tony_Visconti,Heroes,link
1448522,1261557,35,Symphony_No._4_(Glass),Heroes,link
1260011,1261557,27,The_Idiot_(album),Heroes,link
4232134,1261557,21,The_Secret_Life_of_Arabia,Heroes,link
207103,1261557,10,Vince_Clarke,Heroes,link
1261535,1261557,11,The_Man_Who_Sold_the_World_(album),Heroes,link
35060284,1261557,31,Robert_Fripp_discography,Heroes,link
25893,1261557,143,Robert_Fripp,Heroes,link
4232070,1261557,12,Neuköln,Heroes,link
923669,1261557,26,Lust_for_Life_(album),Heroes,link
4232056,1261557,14,Moss_Garden,Heroes,link
1261565,1261557,51,Scary_Monsters_(And_Super_Creeps),Heroes,link
30871303,3564374,65,I_Am_that_I_Am,I_AM_Activity,link
704528,3564374,27,Elizabeth_Clare_Prophet,I_AM_Activity,other
23085408,3564374,76,Legends_of_Mount_Shasta,I_AM_Activity,link
1172131,3564374,47,List_of_founders_of_religious_traditions,I_AM_Activity,link
13251936,3564374,37,Ascended_Master_Teachings,I_AM_Activity,other
425823,3564374,16,Alice_Bailey,I_AM_Activity,other
1130388,3564374,18,Robert_LeFevre,I_AM_Activity,link
31597516,3564374,21,St._Germain_(Theosophy),I_AM_Activity,link
21742,3564374,17,New_Age,I_AM_Activity,link
,3564374,369,other-empty,I_AM_Activity,other
2399670,3564374,10,The_Aquarian_Gospel_of_Jesus_the_Christ,I_AM_Activity,other
2880213,3564374,18,United_States_v._Ballard,I_AM_Activity,link
200264,3564374,85,Theosophical_Society,I_AM_Activity,link
5501897,3564374,11,Seven_rays,I_AM_Activity,other
833097,3564374,18,William_Dudley_Pelley,I_AM_Activity,link
31480,3564374,41,Theosophy,I_AM_Activity,link
,3564374,60,other-bing,I_AM_Activity,other
,3564374,118,other-other,I_AM_Activity,other
,3564374,33,other-facebook,I_AM_Activity,other
,3564374,43,other-yahoo,I_AM_Activity,other
,3564374,51,other-wikipedia,I_AM_Activity,other
,3564374,640,other-google,I_AM_Activity,other
,3564374,24,other-twitter,I_AM_Activity,other
609606,3564374,42,Church_Universal_and_Triumphant,I_AM_Activity,link
3207665,3564374,14,A_Dweller_on_Two_Planets,I_AM_Activity,link
804126,3564374,52,Ascended_master,I_AM_Activity,link
914523,3564374,100,Guy_Ballard,I_AM_Activity,link
1426548,3564374,20,I_Am,I_AM_Activity,link
14703837,3564374,38,Great_White_Brotherhood,I_AM_Activity,link
2399768,3564374,42,List_of_new_religious_movements,I_AM_Activity,other
24146787,3564374,40,List_of_UFO_religions,I_AM_Activity,link
42247669,17495549,30,Just_Around_the_Riverbend,I_Want_song,other
41895775,17495549,23,For_the_First_Time_in_Forever,I_Want_song,link
6131602,17495549,38,Go_the_Distance,I_Want_song,other
,17495549,36,other-empty,I_Want_song,other
42850941,17495549,38,When_Will_My_Life_Begin?,I_Want_song,link
10090698,17495549,30,Part_of_Your_World,I_Want_song,link
,17495549,135,other-google,I_Want_song,other
,17495549,23,other-other,I_Want_song,other
22825519,23158690,11,Anca_Petrescu,Ion_Mincu_University_of_Architecture_and_Urbanism,other
1249478,23158690,24,List_of_universities_in_Romania,Ion_Mincu_University_of_Architecture_and_Urbanism,other
,23158690,60,other-google,Ion_Mincu_University_of_Architecture_and_Urbanism,other
,23158690,22,other-empty,Ion_Mincu_University_of_Architecture_and_Urbanism,other
,16252208,11,other-empty,J_Is_for_Judgment,other
470006,16252208,17,Sue_Grafton,J_Is_for_Judgment,link
,16252208,20,other-google,J_Is_for_Judgment,other
16252078,16252208,25,I_Is_for_Innocent,J_Is_for_Judgment,link
1960430,44810634,12,Fear_of_Pop:_Volume_1,Just_Your_Average_Second_On_This_Planet_1997-1998,link
,44810634,10,other-empty,Just_Your_Average_Second_On_This_Planet_1997-1998,other
,16252523,16,other-empty,K_Is_for_Killer,other
16252208,16252523,24,J_Is_for_Judgment,K_Is_for_Killer,link
,16252523,35,other-google,K_Is_for_Killer,other
,16252523,16,other-wikipedia,K_Is_for_Killer,other
470006,16252523,28,Sue_Grafton,K_Is_for_Killer,link
,487976,12,other-empty,King_Bennie_Nawahi,other
,487976,10,other-other,King_Bennie_Nawahi,other
,487976,11,other-wikipedia,King_Bennie_Nawahi,other
,487976,36,other-google,King_Bennie_Nawahi,other
2110406,,10,Pretty_Ricky,"Knockin'_Boots	redlink
	38499517	68	other-empty	Left-Wing""_Communism:_An_Infantile_Disorder",other
,38499517,215,other-google,Left-Wing_Communism:_An_Infantile_Disorder,other
,38499517,70,other-wikipedia,Left-Wing_Communism:_An_Infantile_Disorder,other
242476,38499517,50,Jack_Straw,Left-Wing_Communism:_An_Infantile_Disorder,link
,38499517,15,other-other,Left-Wing_Communism:_An_Infantile_Disorder,other
11015252,38499517,11,Vladimir_Lenin,Left-Wing_Communism:_An_Infantile_Disorder,link
420150,38499517,12,The_State_and_Revolution,Left-Wing_Communism:_An_Infantile_Disorder,link
2075551,38499517,14,Ultra-leftism,Left-Wing_Communism:_An_Infantile_Disorder,other
302252,38499517,20,Council_communism,Left-Wing_Communism:_An_Infantile_Disorder,link
40362480,38499517,13,Communist_Party_of_Great_Britain,Left-Wing_Communism:_An_Infantile_Disorder,other
39722572,38499517,19,Left_communism,Left-Wing_Communism:_An_Infantile_Disorder,link
,28480474,18,other-google,M_Circle,other
,16252603,11,other-empty,M_Is_for_Malice,other
,16252603,53,other-google,M_Is_for_Malice,other
2301720,16252603,11,Kinsey_Millhone,M_Is_for_Malice,link
470006,16252603,32,Sue_Grafton,M_Is_for_Malice,link
,16252603,12,other-other,M_Is_for_Malice,other
16252578,16252603,23,L_Is_for_Lawless,M_Is_for_Malice,link
,36758937,15,other-empty,Major_John_Buchanan,other
,36758937,17,other-wikipedia,Major_John_Buchanan,other
,36758937,53,other-google,Major_John_Buchanan,other
21163352,563697,10,Master_Harold...and_the_Boys_(2010_film),Master_Harold...and_the_Boys,link
7028414,563697,101,Eddie_Redmayne,Master_Harold...and_the_Boys,link
,563697,36,other-wikipedia,Master_Harold...and_the_Boys,other
,563697,170,other-empty,Master_Harold...and_the_Boys,other
,563697,1967,other-google,Master_Harold...and_the_Boys,other
,563697,38,other-other,Master_Harold...and_the_Boys,other
3747865,563697,32,Master_Harold_and_the_Boys,Master_Harold...and_the_Boys,link
,563697,92,other-bing,Master_Harold...and_the_Boys,other
692334,563697,165,Athol_Fugard,Master_Harold...and_the_Boys,link
,563697,78,other-yahoo,Master_Harold...and_the_Boys,other
3419979,,20,Woodlouse_spider,Mothercare_spider,redlink
,16252712,14,other-empty,N_Is_for_Noose,other
470006,16252712,22,Sue_Grafton,N_Is_for_Noose,link
,16252712,27,other-google,N_Is_for_Noose,other
16252603,16252712,28,M_Is_for_Malice,N_Is_for_Noose,link
2301720,16252712,11,Kinsey_Millhone,N_Is_for_Noose,link
,5400322,31,other-empty,No_Flashlight:_Songs_of_the_Fulfilled_Night,other
,5400322,29,other-google,No_Flashlight:_Songs_of_the_Fulfilled_Night,other
1367146,5400322,475,Mount_Eerie,No_Flashlight:_Songs_of_the_Fulfilled_Night,link
13792594,5400322,64,Mount_Eerie_pts._6_&_7,No_Flashlight:_Songs_of_the_Fulfilled_Night,link
5412817,5400322,12,Mount_Eerie_(album),No_Flashlight:_Songs_of_the_Fulfilled_Night,link
1990114,5400322,14,Phil_Elvrum,No_Flashlight:_Songs_of_the_Fulfilled_Night,link
6626648,11898394,58,Masque_(The_Mission_album),"No_Snow,_No_Show_for_the_Eskimo",link
21221111,11898394,17,The_Mission_discography,"No_Snow,_No_Show_for_the_Eskimo",other
,11898394,14,other-google,"No_Snow,_No_Show_for_the_Eskimo",other
,12565141,38,other-empty,O-Jung.Ban.Hap.,other
7194112,12565141,79,TVXQ_albums_discography,O-Jung.Ban.Hap.,link
36922845,12565141,25,TVXQ_filmography,O-Jung.Ban.Hap.,link
2103628,12565141,333,TVXQ,O-Jung.Ban.Hap.,link
44402525,12565141,10,TVXQ_singles_discography,O-Jung.Ban.Hap.,link
10138105,12565141,26,Five_in_the_Black,O-Jung.Ban.Hap.,link
44314654,12565141,38,Jung_Chanwoo,O-Jung.Ban.Hap.,link
10138220,12565141,53,"Heart,_Mind_and_Soul_(TVXQ_album)",O-Jung.Ban.Hap.,link
33482901,12565141,13,List_of_songs_recorded_by_TVXQ,O-Jung.Ban.Hap.,link
,12565141,168,other-google,O-Jung.Ban.Hap.,other
,12565141,11,other-wikipedia,O-Jung.Ban.Hap.,other
,28907601,12,other-other,Ode-to-Napoleon_hexachord,other
378674,28907601,11,Luigi_Nono,Ode-to-Napoleon_hexachord,link
,28907601,82,other-google,Ode-to-Napoleon_hexachord,other
25133882,,13,Goodnight–Loving_Trail,One_Arm_Bill_Wilson,redlink
,16253383,39,other-google,P_Is_for_Peril,other
16252757,16253383,30,O_Is_for_Outlaw,P_Is_for_Peril,link
16253409,16253383,11,Q_Is_for_Quarry,P_Is_for_Peril,link
470006,16253383,27,Sue_Grafton,P_Is_for_Peril,link
,16253383,72,other-empty,P_Is_for_Peril,other
,1362990,31,other-yahoo,Pimpernel_Smith,other
83545,1362990,44,The_Scarlet_Pimpernel,Pimpernel_Smith,link
,1362990,48,other-bing,Pimpernel_Smith,other
15580374,1362990,41,Main_Page,Pimpernel_Smith,other
,1362990,48,other-other,Pimpernel_Smith,other
83538,1362990,205,Leslie_Howard_(actor),Pimpernel_Smith,link
4331044,1362990,13,List_of_World_War_II_films,Pimpernel_Smith,other
,1362990,73,other-wikipedia,Pimpernel_Smith,other
,1362990,625,other-google,Pimpernel_Smith,other
,1362990,101,other-empty,Pimpernel_Smith,other
2295388,1362990,26,Mary_Morris,Pimpernel_Smith,link
2722166,1362990,17,Francis_L._Sullivan,Pimpernel_Smith,link
609020,1362990,18,David_Tomlinson,Pimpernel_Smith,link
8245402,1362990,11,BOAC_Flight_777,Pimpernel_Smith,other
,43720216,32,other-wikipedia,"Pro_knigi_(""About_books"")",other
8401830,45258416,59,Red_Terror_(Ethiopia),Red_Terror_Martyrs'_Memorial_Museum,link
15580374,1478845,11,Main_Page,"Repent,_Harlequin!_Said_the_Ticktockman",other
419269,1478845,10,Nebula_Award_for_Best_Short_Story,"Repent,_Harlequin!_Said_the_Ticktockman",other
2838416,1478845,86,Run-on_sentence,"Repent,_Harlequin!_Said_the_Ticktockman",link
,1478845,27,other-bing,"Repent,_Harlequin!_Said_the_Ticktockman",other
,1478845,40,other-other,"Repent,_Harlequin!_Said_the_Ticktockman",other
,1478845,73,other-wikipedia,"Repent,_Harlequin!_Said_the_Ticktockman",other
,1478845,974,other-google,"Repent,_Harlequin!_Said_the_Ticktockman",other
593138,1478845,10,"I_Have_No_Mouth,_and_I_Must_Scream","Repent,_Harlequin!_Said_the_Ticktockman",link
2000840,1478845,24,List_of_joint_winners_of_the_Hugo_and_Nebula_awards,"Repent,_Harlequin!_Said_the_Ticktockman",link
13462,1478845,320,Harlan_Ellison,"Repent,_Harlequin!_Said_the_Ticktockman",link
38341,1478845,228,Harlequin,"Repent,_Harlequin!_Said_the_Ticktockman",link
29446866,1478845,271,In_Time,"Repent,_Harlequin!_Said_the_Ticktockman",link
151501,1478845,21,Jelly_bean,"Repent,_Harlequin!_Said_the_Ticktockman",link
418599,1478845,21,Hugo_Award_for_Best_Short_Story,"Repent,_Harlequin!_Said_the_Ticktockman",link
,1478845,28,other-yahoo,"Repent,_Harlequin!_Said_the_Ticktockman",other
10472351,1478845,14,Paingod_and_Other_Delusions,"Repent,_Harlequin!_Said_the_Ticktockman",link
73257,1478845,51,V_for_Vendetta,"Repent,_Harlequin!_Said_the_Ticktockman",link
,1478845,136,other-empty,"Repent,_Harlequin!_Said_the_Ticktockman",other
16253457,16253763,33,R_Is_for_Ricochet,S_Is_for_Silence,link
,16253763,27,other-google,S_Is_for_Silence,other
470006,16253763,21,Sue_Grafton,S_Is_for_Silence,link
1187218,2398711,30,"Bergen_Airport,_Flesland",Solidarity_Szczecin–Goleniów_Airport,other
636093,2398711,39,Warsaw_Chopin_Airport,Solidarity_Szczecin–Goleniów_Airport,link
28456,2398711,51,Szczecin,Solidarity_Szczecin–Goleniów_Airport,link
6135578,2398711,66,Szczecin_Airport,Solidarity_Szczecin–Goleniów_Airport,other
164508,2398711,21,Liverpool_John_Lennon_Airport,Solidarity_Szczecin–Goleniów_Airport,other
9688173,2398711,27,"Moss_Airport,_Rygge",Solidarity_Szczecin–Goleniów_Airport,other
,2398711,16,other-other,Solidarity_Szczecin–Goleniów_Airport,other
,2398711,59,other-wikipedia,Solidarity_Szczecin–Goleniów_Airport,other
193169,2398711,11,Świnoujście,Solidarity_Szczecin–Goleniów_Airport,other
,2398711,174,other-google,Solidarity_Szczecin–Goleniów_Airport,other
10999530,2398711,14,Eurolot,Solidarity_Szczecin–Goleniów_Airport,other
293794,2398711,12,Dublin_Airport,Solidarity_Szczecin–Goleniów_Airport,other
400401,2398711,74,List_of_airports_in_Poland,Solidarity_Szczecin–Goleniów_Airport,link
,2398711,55,other-empty,Solidarity_Szczecin–Goleniów_Airport,other
2161284,2398711,10,Wrocław–Copernicus_Airport,Solidarity_Szczecin–Goleniów_Airport,link
2716198,2398711,24,Rzeszów–Jasionka_Airport,Solidarity_Szczecin–Goleniów_Airport,link
1272752,2398711,10,Ryanair_destinations,Solidarity_Szczecin–Goleniów_Airport,link
206934,2398711,16,Luton_Airport,Solidarity_Szczecin–Goleniów_Airport,link
,2641242,237,other-google,Still_Life_(American_Concert_1981),other
,2641242,60,other-wikipedia,Still_Life_(American_Concert_1981),other
,2641242,53,other-empty,Still_Life_(American_Concert_1981),other
31056,2641242,19,The_Rolling_Stones,Still_Life_(American_Concert_1981),link
8545280,2641242,13,The_Rolling_Stones_American_Tour_1981,Still_Life_(American_Concert_1981),other
1348046,2641242,402,The_Rolling_Stones_discography,Still_Life_(American_Concert_1981),link
1458754,2641242,11,"Take_the_""A""_Train",Still_Life_(American_Concert_1981),link
,2641242,10,other-other,Still_Life_(American_Concert_1981),other
,2641242,16,other-bing,Still_Life_(American_Concert_1981),other
2290650,2641242,18,Still_Life_(disambiguation),Still_Life_(American_Concert_1981),link
5254045,2641242,11,Time_Is_on_My_Side,Still_Life_(American_Concert_1981),link
2630454,2641242,152,Love_You_Live,Still_Life_(American_Concert_1981),link
8799796,2641242,26,Going_to_a_Go-Go_(song),Still_Life_(American_Concert_1981),link
2644231,2641242,54,Flashpoint_(album),Still_Life_(American_Concert_1981),link
14416996,2641242,22,Let's_Spend_the_Night_Together_(film),Still_Life_(American_Concert_1981),link
24961418,,14,Caro_Emerald,That_Man,redlink
4677458,22499310,112,Jake_Holmes,The_Above_Ground_Sound_of_Jake_Holmes,link
,22499310,11,other-empty,The_Above_Ground_Sound_of_Jake_Holmes,other
,22499310,32,other-google,The_Above_Ground_Sound_of_Jake_Holmes,other
286821,22499310,58,Dazed_and_Confused_(song),The_Above_Ground_Sound_of_Jake_Holmes,link
1442421,,12,"Chadds_Ford_Township,_Delaware_County,_Pennsylvania","The_Mills,_Andrew_Wyeth_home_and_studio",redlink
2804228,,24,Champ_Ferguson,Tinker_Dave_Beaty,redlink
31466206,31466526,73,Nightmare:_The_Acoustic_M.S.G.,Unplugged_Live,link
207953,31466526,41,Michael_Schenker,Unplugged_Live,link
,31466526,15,other-empty,Unplugged_Live,other
5399286,31466526,69,McAuley_Schenker_Group,Unplugged_Live,link
,31466526,39,other-google,Unplugged_Live,other
,12571133,223,other-google,V_Is_for_Vagina,other
,12571133,51,other-wikipedia,V_Is_for_Vagina,other
9469360,12571133,14,Queen_B.,V_Is_for_Vagina,link
4619790,12571133,1031,Puscifer,V_Is_for_Vagina,link
,12571133,22,other-other,V_Is_for_Vagina,other
222217,12571133,48,Tim_Commerford,V_Is_for_Vagina,link
147692,12571133,32,Tim_Alexander,V_Is_for_Vagina,link
3145813,12571133,12,Alessandro_Cortini,V_Is_for_Vagina,other
33622887,12571133,19,Conditions_of_My_Parole,V_Is_for_Vagina,link
11861530,12571133,15,Jarboe,V_Is_for_Vagina,link
13087996,12571133,103,Eddie_McClintock,V_Is_for_Vagina,other
11981948,12571133,12,Gil_Sharone,V_Is_for_Vagina,other
16079543,12571133,19,V_Is_for_Viagra._The_Remixes,V_Is_for_Vagina,link
25033979,12571133,26,C_is_for_(Please_Insert_Sophomoric_Genitalia_Reference_HERE),V_Is_for_Vagina,link
269859,12571133,11,A_Perfect_Circle,V_Is_for_Vagina,other
14098392,12571133,76,Don't_Shoot_the_Messenger,V_Is_for_Vagina,link
782360,12571133,11,Lustmord,V_Is_for_Vagina,other
15331615,12571133,23,Maynard_James_Keenan_discography,V_Is_for_Vagina,link
920501,12571133,320,Maynard_James_Keenan,V_Is_for_Vagina,link
,12571133,94,other-empty,V_Is_for_Vagina,other
,31438273,16,other-empty,V_Is_for_Vengeance,other
39606873,31438273,12,W_Is_for_Wasted,V_Is_for_Vengeance,link
25577776,31438273,30,U_Is_for_Undertow,V_Is_for_Vengeance,link
470006,31438273,59,Sue_Grafton,V_Is_for_Vengeance,link
,31438273,76,other-google,V_Is_for_Vengeance,other
2301720,31438273,20,Kinsey_Millhone,V_Is_for_Vengeance,link
4619790,16079543,234,Puscifer,V_Is_for_Viagra._The_Remixes,link
,16079543,23,other-empty,V_Is_for_Viagra._The_Remixes,other
12571133,16079543,175,V_Is_for_Vagina,V_Is_for_Viagra._The_Remixes,link
,16079543,49,other-google,V_Is_for_Viagra._The_Remixes,other
,16079543,12,other-wikipedia,V_Is_for_Viagra._The_Remixes,other
,18938265,3683,other-wikipedia,Weird_Al_Yankovic,other
,18938265,38430,other-google,Weird_Al_Yankovic,other
,18938265,406,other-twitter,Weird_Al_Yankovic,other
33525518,18938265,22,Noretta,Weird_Al_Yankovic,link
26179,18938265,10,Ron_Popeil,Weird_Al_Yankovic,link
2560896,18938265,16,Lump_(song),Weird_Al_Yankovic,link
41681071,18938265,26,My_Little_Pony:_Friendship_Is_Magic_(season_5),Weird_Al_Yankovic,link
1093963,18938265,28,Polka_Party!,Weird_Al_Yankovic,link
1743090,18938265,52,Parody_music,Weird_Al_Yankovic,link
897080,18938265,12,Nash_Metropolitan,Weird_Al_Yankovic,link
21494,18938265,16,Nerd,Weird_Al_Yankovic,link
1124279,18938265,16,Mmm_Mmm_Mmm_Mmm,Weird_Al_Yankovic,link
26095723,18938265,16,Nothin'_on_You,Weird_Al_Yankovic,link
34826435,18938265,17,Parody_in_popular_music,Weird_Al_Yankovic,link
43397,18938265,52,Polka,Weird_Al_Yankovic,link
39863336,18938265,18,Royals_(song),Weird_Al_Yankovic,link
1706988,18938265,15,Mickey_(song),Weird_Al_Yankovic,link
1237220,18938265,25,Patton_Oswalt,Weird_Al_Yankovic,link
21985451,18938265,76,"Lynwood,_California",Weird_Al_Yankovic,link
4711303,18938265,35,Ridin',Weird_Al_Yankovic,link
41806370,18938265,59,Pinkie_Pride,Weird_Al_Yankovic,link
15580374,18938265,1791,Main_Page,Weird_Al_Yankovic,other
18960192,18938265,66,Parody,Weird_Al_Yankovic,link
3070450,18938265,14,My_Sharona,Weird_Al_Yankovic,link
26330755,18938265,13,Matt_L._Jones,Weird_Al_Yankovic,other
1680148,18938265,37,Piano_Man_(song),Weird_Al_Yankovic,link
667089,18938265,140,Poodle_Hat,Weird_Al_Yankovic,link
1346791,18938265,16,Richard_Cheese,Weird_Al_Yankovic,link
2366938,18938265,44,Oy_vey,Weird_Al_Yankovic,link
1614455,18938265,38,Money_for_Nothing_(song),Weird_Al_Yankovic,link
33054146,18938265,13,Sexy_and_I_Know_It,Weird_Al_Yankovic,link
4072442,18938265,10,One_More_Minute,Weird_Al_Yankovic,link
3307306,18938265,17,More_Than_Words,Weird_Al_Yankovic,link
2271575,18938265,21,Lose_Yourself,Weird_Al_Yankovic,link
569820,18938265,28,Losing_My_Religion,Weird_Al_Yankovic,link
183389,18938265,11,Scott_Raynor,Weird_Al_Yankovic,link
183860,18938265,13,National_Speech_and_Debate_Association,Weird_Al_Yankovic,link
43070100,18938265,1180,Mandatory_Fun,Weird_Al_Yankovic,link
11423454,18938265,56,Pretty_Fly_for_a_Rabbi,Weird_Al_Yankovic,link
4070747,18938265,17,Ricky_(song),Weird_Al_Yankovic,link
2102697,18938265,25,My_Bologna,Weird_Al_Yankovic,link
33145323,18938265,11,Peter_Shukoff,Weird_Al_Yankovic,other
288469,18938265,23,Novelty_song,Weird_Al_Yankovic,link
10090978,18938265,21,"Peter_and_the_Wolf_(""Weird_Al""_Yankovic_&_Wendy_Carlos_album)",Weird_Al_Yankovic,link
2051328,18938265,16,Pretty_Fly_(for_a_White_Guy),Weird_Al_Yankovic,link
1982071,18938265,54,Lola_(song),Weird_Al_Yankovic,link
177256,18938265,112,RCA_Records,Weird_Al_Yankovic,link
30951,18938265,15,Tom_Lehrer,Weird_Al_Yankovic,link
48110,18938265,10,Tonya_Harding,Weird_Al_Yankovic,link
41599803,18938265,10,The_Hotwives_of_Orlando,Weird_Al_Yankovic,link
43303551,18938265,91,Tacky_(song),Weird_Al_Yankovic,link
3588232,18938265,10,We're_Not_Gonna_Take_It_(Twisted_Sister_song),Weird_Al_Yankovic,link
24204138,18938265,36,"The_Essential_""Weird_Al""_Yankovic",Weird_Al_Yankovic,link
26423707,18938265,38,Yugoslav_American,Weird_Al_Yankovic,link
847078,18938265,13,Taxman,Weird_Al_Yankovic,link
8567624,18938265,18,"Tim_and_Eric_Awesome_Show,_Great_Job!",Weird_Al_Yankovic,link
14295471,18938265,11,Sussudio,Weird_Al_Yankovic,other
37064351,18938265,10,The_Wrong_Ferarri,Weird_Al_Yankovic,link
924771,18938265,40,The_Naked_Gun_2½:_The_Smell_of_Fear,Weird_Al_Yankovic,link
10091063,18938265,34,Trapped_in_the_Drive-Thru,Weird_Al_Yankovic,link
1412241,18938265,10,The_Late_Late_Show_with_Craig_Ferguson,Weird_Al_Yankovic,other
6088238,18938265,18,The_Grim_Adventures_of_Billy_&_Mandy_(video_game),Weird_Al_Yankovic,link
4110029,18938265,10,The_Night_Santa_Went_Crazy,Weird_Al_Yankovic,link
113092,18938265,57,Twinkie,Weird_Al_Yankovic,link
7051503,18938265,10,The_Drew_Carey_Show,Weird_Al_Yankovic,link
19156218,18938265,11,Star_Wars_Kid,Weird_Al_Yankovic,link
,18938265,1580,other-bing,Weird_Al_Yankovic,other
28367,18938265,33,Spam_(food),Weird_Al_Yankovic,other
5578884,18938265,34,You're_Pitiful,Weird_Al_Yankovic,link
1996695,18938265,20,You're_Beautiful,Weird_Al_Yankovic,link
390867,18938265,438,UHF_(film),Weird_Al_Yankovic,link
7894054,18938265,10,Wayne_Bergeron,Weird_Al_Yankovic,link
59993,18938265,21,Smells_Like_Teen_Spirit,Weird_Al_Yankovic,link
1708927,18938265,25,Weird,Weird_Al_Yankovic,link
627511,18938265,12,Victoria_Jackson,Weird_Al_Yankovic,link
2446828,18938265,12,Trinidad_Silva,Weird_Al_Yankovic,link
38575277,18938265,15,Toby_Turner,Weird_Al_Yankovic,other
194627,18938265,19,Straight_Outta_Compton,Weird_Al_Yankovic,link
1331938,18938265,32,Three_Gays_of_the_Condo,Weird_Al_Yankovic,link
189288,18938265,11,The_Adventures_of_Captain_Underpants,Weird_Al_Yankovic,other
2315700,18938265,85,The_Saga_Begins,Weird_Al_Yankovic,link
5043734,18938265,67,Wikipedia,Weird_Al_Yankovic,link
13932969,18938265,46,That_'90s_Show,Weird_Al_Yankovic,link
8109388,18938265,16,Tomorrow_(TV_series),Weird_Al_Yankovic,link
5254612,18938265,11,Yo_Gabba_Gabba!,Weird_Al_Yankovic,link
983849,18938265,51,Top_Secret!,Weird_Al_Yankovic,link
6075882,18938265,257,White_&_Nerdy,Weird_Al_Yankovic,link
6064795,18938265,232,Straight_Outta_Lynwood,Weird_Al_Yankovic,link
1050549,18938265,17,Volcano_Entertainment,Weird_Al_Yankovic,link
1314319,18938265,142,The_Weird_Al_Show,Weird_Al_Yankovic,link
4109934,18938265,11,Spy_Hard_(song),Weird_Al_Yankovic,link
44076048,18938265,241,Super_Bowl_XLIX_halftime_show,Weird_Al_Yankovic,link
,18938265,1369,other-other,Weird_Al_Yankovic,other
,18938265,33,other-facebook,Weird_Al_Yankovic,other
681786,18938265,94,Bad_Hair_Day,Weird_Al_Yankovic,link
693809,18938265,15,Chop_Suey!_(song),Weird_Al_Yankovic,link
1779981,18938265,16,Chamillionaire,Weird_Al_Yankovic,link
26534206,18938265,11,Comedy_Bang!_Bang!,Weird_Al_Yankovic,link
3380816,18938265,11,Down_with_the_Sickness,Weird_Al_Yankovic,link
36682042,18938265,213,Dollmaker_(comics),Weird_Al_Yankovic,link
143435,18938265,20,Band_Aid_(band),Weird_Al_Yankovic,other
157548,18938265,31,Allan_Sherman,Weird_Al_Yankovic,link
107622,18938265,27,"Downey,_California",Weird_Al_Yankovic,link
2320524,18938265,37,Black_or_White,Weird_Al_Yankovic,link
19375754,18938265,10,Craigslist,Weird_Al_Yankovic,link
16046327,18938265,242,DC_Universe_Animated_Original_Movies,Weird_Al_Yankovic,link
11560543,18938265,37,Comedy_music,Weird_Al_Yankovic,link
495591,18938265,25,Cola_Wars,Weird_Al_Yankovic,other
149681,18938265,13,Beck,Weird_Al_Yankovic,other
2102759,18938265,29,Another_One_Rides_the_Bus,Weird_Al_Yankovic,link
1856564,18938265,40,Comedy_rock,Weird_Al_Yankovic,link
2258507,18938265,39,Albuquerque_(song),Weird_Al_Yankovic,link
539377,18938265,10,Animal_Man,Weird_Al_Yankovic,link
8133962,18938265,10,Back_at_the_Barnyard,Weird_Al_Yankovic,link
31561319,18938265,130,Alpocalypse,Weird_Al_Yankovic,link
59610,18938265,105,Atlantic_Records,Weird_Al_Yankovic,link
39384064,18938265,965,57th_Annual_Grammy_Awards,Weird_Al_Yankovic,link
11700181,18938265,13,Close_but_No_Cigar,Weird_Al_Yankovic,link
3456183,18938265,12,Christmas_at_Ground_Zero,Weird_Al_Yankovic,link
39949337,18938265,24,Drunk_History,Weird_Al_Yankovic,link
10294516,18938265,17,Weird_Al_Yankovic_videography,Weird_Al_Yankovic,link
5828575,18938265,21,Couch_Potato_(song),Weird_Al_Yankovic,link
680375,18938265,10,Bill_Plympton,Weird_Al_Yankovic,link
681837,18938265,160,Weird_Al_Yankovic_in_3-D,Weird_Al_Yankovic,link
33246249,18938265,13,Weird_Al_Yankovic_Live!:_The_Alpocalypse_Tour,Weird_Al_Yankovic,link
681846,18938265,284,Weird_Al_Yankovic_(album),Weird_Al_Yankovic,link
31218217,18938265,25,Comedy_hip_hop,Weird_Al_Yankovic,link
3913016,18938265,26,Weird_Al_Yankovic's_Greatest_Hits,Weird_Al_Yankovic,link
231982,18938265,242,Dr._Demento,Weird_Al_Yankovic,link
51278,18938265,21,"Albuquerque,_New_Mexico",Weird_Al_Yankovic,other
440017,18938265,48,Aisha_Tyler,Weird_Al_Yankovic,link
168263,18938265,26,Coolio,Weird_Al_Yankovic,link
1745307,18938265,26,Cledus_T._Judd,Weird_Al_Yankovic,link
41156988,18938265,52,Doge_(meme),Weird_Al_Yankovic,link
7260565,18938265,26,Canadian_Idiot,Weird_Al_Yankovic,link
4082868,18938265,33,Dare_to_Be_Stupid_(song),Weird_Al_Yankovic,link
286323,18938265,11,Crash_Test_Dummies,Weird_Al_Yankovic,link
11871605,18938265,10,Cherry_Pie_(Warrant_song),Weird_Al_Yankovic,other
239034,18938265,20,Dweezil_Zappa,Weird_Al_Yankovic,link
726651,18938265,18,Donny_Osmond,Weird_Al_Yankovic,link
33629854,18938265,13,DC_Nation_Shorts,Weird_Al_Yankovic,link
5779338,18938265,13,Closing_Time_(Semisonic_song),Weird_Al_Yankovic,link
43318058,18938265,11,Claudia_O'Doherty,Weird_Al_Yankovic,link
10672,18938265,56,Frank_Zappa,Weird_Al_Yankovic,link
1439800,18938265,82,Eye_of_the_Tiger,Weird_Al_Yankovic,link
428865,18938265,10,Ironic_(song),Weird_Al_Yankovic,link
23919750,18938265,11,Fireflies_(Owl_City_song),Weird_Al_Yankovic,link
2125672,18938265,11,Ghetto_Supastar_(That_Is_What_You_Are),Weird_Al_Yankovic,link
9181653,18938265,13,List_of_How_I_Met_Your_Mother_characters,Weird_Al_Yankovic,link
197889,18938265,17,Felix_the_Cat,Weird_Al_Yankovic,link
11901898,18938265,12,Here's_Johnny,Weird_Al_Yankovic,link
10151970,18938265,12,Hip_to_Be_Square,Weird_Al_Yankovic,other
343560,18938265,19,Jack_Black,Weird_Al_Yankovic,link
2683218,18938265,15,List_of_Lilo_&_Stitch:_The_Series_episodes,Weird_Al_Yankovic,link
11311126,18938265,35,It's_All_About_the_Pentiums,Weird_Al_Yankovic,link
7297505,18938265,25,Kristen_Schaal,Weird_Al_Yankovic,other
4072138,18938265,52,"Like_a_Surgeon_(""Weird_Al""_Yankovic_song)",Weird_Al_Yankovic,link
7419707,18938265,24,John_Morrison_(wrestler),Weird_Al_Yankovic,link
1178120,18938265,24,Headline_News_(song),Weird_Al_Yankovic,link
41170737,18938265,37,Happy_(Pharrell_Williams_song),Weird_Al_Yankovic,link
639642,18938265,13,I'll_Be_There_for_You_(The_Rembrandts_song),Weird_Al_Yankovic,link
20593859,18938265,15,Jizz_in_My_Pants,Weird_Al_Yankovic,link
1053554,18938265,94,Gangsta's_Paradise,Weird_Al_Yankovic,link
12798266,18938265,182,"List_of_""Weird_Al""_Yankovic_polka_medleys",Weird_Al_Yankovic,link
4012959,18938265,12,I_Can't_Dance,Weird_Al_Yankovic,link
9903893,18938265,12,List_of_Italian-American_entertainers,Weird_Al_Yankovic,link
43368354,18938265,33,Handy_(song),Weird_Al_Yankovic,link
5888557,18938265,10,Footloose_(song),Weird_Al_Yankovic,link
4429395,18938265,57,Eminem,Weird_Al_Yankovic,link
43727,18938265,144,Frankie_Yankovic,Weird_Al_Yankovic,link
681823,18938265,101,Even_Worse,Weird_Al_Yankovic,link
2706860,18938265,11,Got_My_Mind_Set_on_You,Weird_Al_Yankovic,link
3955585,18938265,12,Janie's_Got_a_Gun,Weird_Al_Yankovic,link
27748226,18938265,11,Jeopardy!,Weird_Al_Yankovic,link
238443,18938265,11,Liam_Lynch_(musician),Weird_Al_Yankovic,link
40095940,18938265,16,List_of_2014_albums,Weird_Al_Yankovic,link
8473867,18938265,10,List_of_30_Rock_characters,Weird_Al_Yankovic,other
3815781,18938265,42,Keegan-Michael_Key,Weird_Al_Yankovic,link
158879,18938265,60,George_Carlin,Weird_Al_Yankovic,other
912417,18938265,10,Grammy_Award_for_Best_Concept_Music_Video,Weird_Al_Yankovic,link
487070,18938265,14,Emo_Philips,Weird_Al_Yankovic,other
738015,18938265,27,Johnny_Bravo,Weird_Al_Yankovic,link
11224587,18938265,31,I_Lost_on_Jeopardy,Weird_Al_Yankovic,link
3671687,18938265,10,Leibniz–Newton_calculus_controversy,Weird_Al_Yankovic,link
10340709,18938265,13,List_of_RCA_Records_artists,Weird_Al_Yankovic,link
21207345,18938265,17,Jerry_Springer,Weird_Al_Yankovic,link
41629180,18938265,87,Game_Grumps,Weird_Al_Yankovic,link
8376816,18938265,12,Electric_Avenue_(song),Weird_Al_Yankovic,link
155452,18938265,16,Hey_Jude,Weird_Al_Yankovic,link
43377300,18938265,31,Foil_(song),Weird_Al_Yankovic,link
9030340,18938265,38,List_of_Cal_Poly_at_San_Luis_Obispo_alumni,Weird_Al_Yankovic,link
3795017,18938265,84,Liberian_Girl,Weird_Al_Yankovic,link
9410052,18938265,17,List_of_polka_artists,Weird_Al_Yankovic,link
20706022,18938265,10,List_of_Volcano_Entertainment_artists,Weird_Al_Yankovic,link
2018105,18938265,140,"List_of_songs_recorded_by_""Weird_Al""_Yankovic",Weird_Al_Yankovic,link
703188,18938265,70,List_of_vegans,Weird_Al_Yankovic,link
640911,18938265,29,List_of_satirists_and_satires,Weird_Al_Yankovic,link
873835,18938265,19,Al_TV,Weird_Al_Yankovic,link
681811,18938265,53,Alapalooza,Weird_Al_Yankovic,link
156683,18938265,23,Don_Pardo,Weird_Al_Yankovic,link
34290593,18938265,31,Call_Me_Maybe,Weird_Al_Yankovic,link
4161738,18938265,11,Weird_Al_Yankovic_Live!,Weird_Al_Yankovic,link
18938265,18938265,38,Weird_Al_Yankovic,Weird_Al_Yankovic,other
2661948,18938265,54,Auto-Tune,Weird_Al_Yankovic,other
998258,18938265,180,Amish_Paradise,Weird_Al_Yankovic,link
7630017,18938265,140,Weird_Al_Yankovic_discography,Weird_Al_Yankovic,link
45137822,18938265,469,Batman_vs._Robin,Weird_Al_Yankovic,link
11424214,18938265,43,EBay_(song),Weird_Al_Yankovic,link
15957378,18938265,844,Aaron_Paul,Weird_Al_Yankovic,link
739408,18938265,102,Eat_It,Weird_Al_Yankovic,link
41953,18938265,75,Bohemian_Rhapsody,Weird_Al_Yankovic,link
432147,18938265,10,Charles_Nelson_Reilly,Weird_Al_Yankovic,link
18527630,18938265,16,"Eat_It_(""Weird_Al""_Yankovic_album)",Weird_Al_Yankovic,link
3716049,18938265,29,Addicted_to_Love_(song),Weird_Al_Yankovic,link
154247,18938265,11,Eddie_Vedder,Weird_Al_Yankovic,other
16757649,18938265,22,Batman:_The_Brave_and_the_Bold,Weird_Al_Yankovic,link
681830,18938265,87,Dare_to_Be_Stupid,Weird_Al_Yankovic,link
6600777,18938265,29,Don't_Download_This_Song,Weird_Al_Yankovic,link
51744,18938265,86,American_Pie_(song),Weird_Al_Yankovic,link
663903,18938265,16,Behind_the_Music,Weird_Al_Yankovic,link
209416,18938265,44,Ben_Folds,Weird_Al_Yankovic,link
11748645,18938265,17,Another_One_Rides_the_Bus_(EP),Weird_Al_Yankovic,link
3281387,18938265,11,Bedrock_Anthem,Weird_Al_Yankovic,link
17080248,18938265,51,Beat_It,Weird_Al_Yankovic,link
39026706,18938265,11,Blurred_Lines,Weird_Al_Yankovic,link
23138118,18938265,23,Craigslist_(song),Weird_Al_Yankovic,link
1782176,18938265,14,Bad_(Michael_Jackson_song),Weird_Al_Yankovic,link
433230,18938265,29,California_Polytechnic_State_University,Weird_Al_Yankovic,other
1263456,18938265,40,ApologetiX,Weird_Al_Yankovic,link
1162,18938265,33,Accordion,Weird_Al_Yankovic,link
16173682,18938265,14,List_of_keytarists,Weird_Al_Yankovic,link
4807288,18938265,16,List_of_backmasked_messages,Weird_Al_Yankovic,link
5747670,18938265,58,Live_and_Let_Die_(song),Weird_Al_Yankovic,link
6041,18938265,10,List_of_comedians,Weird_Al_Yankovic,link
25011929,18938265,10,John_and_Lorena_Bobbitt,Weird_Al_Yankovic,link
31526507,18938265,31,How_I_Met_Your_Mother_(season_7),Weird_Al_Yankovic,link
42746880,18938265,431,Galavant,Weird_Al_Yankovic,link
1503921,18938265,19,Hidden_track,Weird_Al_Yankovic,link
12089889,18938265,31,Eric_Stonestreet,Weird_Al_Yankovic,link
4094664,18938265,11,Lasagna_(song),Weird_Al_Yankovic,link
4169218,18938265,11,Haunted_Lighthouse,Weird_Al_Yankovic,link
4109863,18938265,13,Gump_(song),Weird_Al_Yankovic,link
4070828,18938265,17,I_Love_Rocky_Road,Weird_Al_Yankovic,link
2739735,18938265,10,I_Touch_Myself,Weird_Al_Yankovic,link
1847150,18938265,18,Ice_Ice_Baby,Weird_Al_Yankovic,link
44786839,18938265,31,List_of_The_Late_Late_Show_episodes_(2015_guest_hosts),Weird_Al_Yankovic,other
3615165,18938265,18,I_Want_It_That_Way,Weird_Al_Yankovic,link
3785221,18938265,26,Jim_West_(guitarist),Weird_Al_Yankovic,link
1928807,18938265,12,Fanny_pack,Weird_Al_Yankovic,link
33592458,18938265,213,Epic_Rap_Battles_of_History,Weird_Al_Yankovic,link
185416,18938265,220,Grammy_Award_for_Best_Comedy_Album,Weird_Al_Yankovic,link
15022585,18938265,12,James_Blunt,Weird_Al_Yankovic,other
43552374,18938265,26,Ice_Bucket_Challenge,Weird_Al_Yankovic,link
10417152,18938265,13,I_Want_a_New_Drug,Weird_Al_Yankovic,link
30821628,18938265,16,List_of_My_Little_Pony:_Friendship_Is_Magic_episodes,Weird_Al_Yankovic,link
43350433,18938265,25,Lame_Claim_to_Fame,Weird_Al_Yankovic,link
35191643,18938265,27,Kidnapped_by_Danger,Weird_Al_Yankovic,other
32291112,18938265,45,List_of_My_Little_Pony:_Friendship_Is_Magic_characters,Weird_Al_Yankovic,link
5458198,18938265,14,Judy_Tenuta,Weird_Al_Yankovic,link
85307,18938265,25,Huey_Lewis_and_the_News,Weird_Al_Yankovic,link
2157741,18938265,35,Jon_Schwartz_(drummer),Weird_Al_Yankovic,link
210836,18938265,13,Falco_(musician),Weird_Al_Yankovic,link
13101139,18938265,11,Here's_Johnny_(song),Weird_Al_Yankovic,link
4196662,18938265,27,Jordan_Peele,Weird_Al_Yankovic,link
625478,18938265,22,Gilbert_Gottfried,Weird_Al_Yankovic,other
21604923,18938265,15,Isaac_Newton_in_popular_culture,Weird_Al_Yankovic,link
359520,18938265,43,Joan_Jett,Weird_Al_Yankovic,link
4109668,18938265,21,Jurassic_Park_(song),Weird_Al_Yankovic,link
23138134,18938265,15,Internet_Leaks,Weird_Al_Yankovic,link
44955052,18938265,14,List_of_Epic_Rap_Battles_of_History_episodes,Weird_Al_Yankovic,link
1601775,18938265,10,Let's_Get_It_Started,Weird_Al_Yankovic,link
462389,18938265,19,List_of_The_Simpsons_guest_stars,Weird_Al_Yankovic,link
28271869,18938265,10,Hurley_(album),Weird_Al_Yankovic,other
1742323,18938265,114,Fat_(song),Weird_Al_Yankovic,link
,18938265,5129,other-empty,Weird_Al_Yankovic,other
32851,18938265,23,Wiki,Weird_Al_Yankovic,other
228355,18938265,95,The_Naked_Gun:_From_the_Files_of_Police_Squad!,Weird_Al_Yankovic,link
6932227,18938265,11,The_Saga_Begins_(album),Weird_Al_Yankovic,link
10128701,18938265,14,The_Biggest_Ball_of_Twine_in_Minnesota,Weird_Al_Yankovic,link
7198320,18938265,24,Weasel_Stomping_Day,Weird_Al_Yankovic,link
2026444,18938265,44,The_Safety_Dance,Weird_Al_Yankovic,link
19653364,18938265,11,"Whatever_You_Like_(""Weird_Al""_Yankovic_song)",Weird_Al_Yankovic,link
41684727,18938265,10,Whiplash_(2014_film),Weird_Al_Yankovic,other
5419140,18938265,91,The_Naked_Gun,Weird_Al_Yankovic,link
40688399,18938265,10,Timber_(song),Weird_Al_Yankovic,link
1584368,18938265,65,Yankovic,Weird_Al_Yankovic,link
3732122,18938265,15,Steve_Jay,Weird_Al_Yankovic,link
890630,18938265,80,Vanna_White,Weird_Al_Yankovic,link
43630148,18938265,21,Wallykazam!,Weird_Al_Yankovic,link
681822,18938265,27,UHF_–_Original_Motion_Picture_Soundtrack_and_Other_Stuff,Weird_Al_Yankovic,link
3070376,18938265,16,The_Food_Album,Weird_Al_Yankovic,link
4584644,18938265,34,Yoda_(song),Weird_Al_Yankovic,link
8567806,18938265,23,WordGirl,Weird_Al_Yankovic,link
43309524,18938265,92,Word_Crimes,Weird_Al_Yankovic,link
87474,18938265,13,Tony_Hawk,Weird_Al_Yankovic,link
1969519,18938265,24,U_Can't_Touch_This,Weird_Al_Yankovic,link
37656763,18938265,32,Thrift_Shop,Weird_Al_Yankovic,link
18784650,18938265,832,Super_Bowl_XLIX,Weird_Al_Yankovic,other
4109439,18938265,21,"You_Don't_Love_Me_Anymore_(""Weird_Al""_Yankovic_song)",Weird_Al_Yankovic,link
1867173,18938265,57,Naked_Gun_33⅓:_The_Final_Insult,Weird_Al_Yankovic,link
22572,18938265,10,October_23,Weird_Al_Yankovic,link
382199,18938265,14,Ray_Manzarek,Weird_Al_Yankovic,link
6967012,18938265,11,Seth_Green,Weird_Al_Yankovic,link
23811071,18938265,24,Party_in_the_U.S.A.,Weird_Al_Yankovic,link
1273502,18938265,118,Loser_(Beck_song),Weird_Al_Yankovic,link
262457,18938265,16,R._Lee_Ermey,Weird_Al_Yankovic,link
26678,18938265,11,Star_Wars,Weird_Al_Yankovic,link
611396,18938265,39,Rick_Derringer,Weird_Al_Yankovic,link
37287,18938265,12,Scooby-Doo,Weird_Al_Yankovic,link
194036,18938265,11,Spike_Jones,Weird_Al_Yankovic,link
57317,18938265,11,Prince_(musician),Weird_Al_Yankovic,other
2043990,18938265,102,Spy_Hard,Weird_Al_Yankovic,link
12694177,18938265,84,Lynwood_High_School,Weird_Al_Yankovic,link
681814,18938265,54,Off_the_Deep_End,Weird_Al_Yankovic,link
21073,18938265,14,Mad_(magazine),Weird_Al_Yankovic,link
3434143,18938265,18,Richard_Stallman,Weird_Al_Yankovic,link
89662,18938265,20,Margaret_Cho,Weird_Al_Yankovic,link
1417851,18938265,11,One_Week_(song),Weird_Al_Yankovic,link
39762022,18938265,18,My_Little_Pony:_Friendship_Is_Magic_(season_4),Weird_Al_Yankovic,link
573460,18938265,12,Space_Ghost_Coast_to_Coast,Weird_Al_Yankovic,link
2246914,18938265,14,Ray_of_Light_(song),Weird_Al_Yankovic,link
25140047,18938265,29,NOH8_Campaign,Weird_Al_Yankovic,other
1955961,18938265,85,Smells_Like_Nirvana,Weird_Al_Yankovic,link
371187,18938265,13,National_Enquirer,Weird_Al_Yankovic,link
36809740,18938265,14,Radioactive_(Imagine_Dragons_song),Weird_Al_Yankovic,link
681810,18938265,99,"Running_with_Scissors_(""Weird_Al""_Yankovic_album)",Weird_Al_Yankovic,link
1490639,18938265,20,Pokémon:_The_Movie_2000,Weird_Al_Yankovic,link
4109077,18938265,14,Money_for_Nothing/Beverly_Hillbillies*,Weird_Al_Yankovic,link
28214451,18938265,15,Mad_(TV_series),Weird_Al_Yankovic,link
1700806,18938265,14,One_of_Us_(Joan_Osborne_song),Weird_Al_Yankovic,other
31552317,18938265,39,Perform_This_Way,Weird_Al_Yankovic,link
104998,18938265,27,Michael_Richards,Weird_Al_Yankovic,link
1527386,18938265,31,Robot_Chicken,Weird_Al_Yankovic,link
2300912,18938265,19,Party_All_the_Time,Weird_Al_Yankovic,link
,18938265,1553,other-yahoo,Weird_Al_Yankovic,other
7630017,4161738,12,Weird_Al_Yankovic_discography,Weird_Al_Yankovic_Live!,link
,4161738,10,other-wikipedia,Weird_Al_Yankovic_Live!,other
,4161738,26,other-google,Weird_Al_Yankovic_Live!,other
33246249,4161738,10,Weird_Al_Yankovic_Live!:_The_Alpocalypse_Tour,Weird_Al_Yankovic_Live!,link
,4161738,11,other-empty,Weird_Al_Yankovic_Live!,other
,7630017,532,other-empty,Weird_Al_Yankovic_discography,other
1955961,7630017,27,Smells_Like_Nirvana,Weird_Al_Yankovic_discography,link
31552317,7630017,15,Perform_This_Way,Weird_Al_Yankovic_discography,link
739408,7630017,25,Eat_It,Weird_Al_Yankovic_discography,link
4649999,7630017,21,911_(Wyclef_Jean_song),Weird_Al_Yankovic_discography,other
18938265,7630017,1871,Weird_Al_Yankovic,Weird_Al_Yankovic_discography,link
998258,7630017,30,Amish_Paradise,Weird_Al_Yankovic_discography,link
6600777,7630017,11,Don't_Download_This_Song,Weird_Al_Yankovic_discography,link
1742323,7630017,17,Fat_(song),Weird_Al_Yankovic_discography,link
43350433,7630017,10,Lame_Claim_to_Fame,Weird_Al_Yankovic_discography,link
43039420,7630017,11,Everything_Will_Be_Alright_in_the_End,Weird_Al_Yankovic_discography,other
,7630017,167,other-yahoo,Weird_Al_Yankovic_discography,other
,7630017,21,other-other,Weird_Al_Yankovic_discography,other
4070747,7630017,13,Ricky_(song),Weird_Al_Yankovic_discography,link
43070100,7630017,33,Mandatory_Fun,Weird_Al_Yankovic_discography,link
15580374,7630017,189,Main_Page,Weird_Al_Yankovic_discography,other
6075882,7630017,36,White_&_Nerdy,Weird_Al_Yankovic_discography,link
,7630017,84,other-bing,Weird_Al_Yankovic_discography,other
2018105,7630017,52,"List_of_songs_recorded_by_""Weird_Al""_Yankovic",Weird_Al_Yankovic_discography,link
11311126,7630017,10,It's_All_About_the_Pentiums,Weird_Al_Yankovic_discography,link
,7630017,67,other-twitter,Weird_Al_Yankovic_discography,other
,7630017,1478,other-google,Weird_Al_Yankovic_discography,other
,7630017,137,other-wikipedia,Weird_Al_Yankovic_discography,other
,43882355,21,other-wikipedia,What_Is_This_Heart?,other
,43882355,132,other-google,What_Is_This_Heart?,other
,43882355,56,other-empty,What_Is_This_Heart?,other
29054561,43882355,1025,How_to_Dress_Well,What_Is_This_Heart?,link
33658579,43882355,12,List_of_albums_awarded_Pitchfork_Best_New_Album,What_Is_This_Heart?,other
37202658,43882355,128,Total_Loss_(album),What_Is_This_Heart?,other
,37813210,12,other-other,Where_Are_Your_Keys?,other
,37813210,37,other-google,Where_Are_Your_Keys?,other
,37813210,11,other-empty,Where_Are_Your_Keys?,other
,37813210,17,other-wikipedia,Where_Are_Your_Keys?,other
595282,37813210,71,Hand_game,Where_Are_Your_Keys?,other
10077425,37813210,29,Alutiiq_language,Where_Are_Your_Keys?,link
261070,37813210,58,Total_physical_response,Where_Are_Your_Keys?,other
9058458,37813210,71,Squamish_language,Where_Are_Your_Keys?,other
,41363180,15,other-google,"Yes,_And_rule",other
,27111155,13,other-empty,You've_Got_the_Touch,other
,27111155,187,other-google,You've_Got_the_Touch,other
,35881722,12,other-google,Yume_~Mugen_no_Kanata~,other
29264213,35881722,10,Vivid_(band),Yume_~Mugen_no_Kanata~,link
,36439291,10,other-wikipedia,"_(disambiguation)	other
7468179	36439291	231	Quotation_mark	_(disambiguation)",link
,36439291,17,other-empty,"_(disambiguation)	other
202033		115	ECT	et_cetera""",redlink
202033,,244,ECT,etc.,redlink
,11489847,11,other-wikipedia,$1.99_Romances,other
5885018,11489847,18,God_Street_Wine,$1.99_Romances,link
,11489847,16,other-empty,$1.99_Romances,other
,39007767,10,other-wikipedia,$100_Guitar_Project,other
,39007767,33,other-google,$100_Guitar_Project,other
,39007767,14,other-empty,$100_Guitar_Project,other
1588040,39007767,10,Nick_Didkovsky,$100_Guitar_Project,link
15608128,39007767,25,Ibanez_Jet_King,$100_Guitar_Project,link
,4042422,86,other-google,$2,other
,4042422,45,other-wikipedia,$2,other
15580374,4042422,21,Main_Page,$2,other
,4042422,42,other-empty,$2,other
,1419311,38,other-empty,$20,other
,1419311,20,other-wikipedia,$20,other
,1419311,21,other-google,$20,other
477331,1419311,10,United_States_ten-dollar_bill,$20,other
,24648172,19,other-google,$200,other
,1245168,16,other-wikipedia,$25_Million_Dollar_Hoax,other
,1245168,14,other-google,$25_Million_Dollar_Hoax,other
1023249,1245168,11,George_Gray_(television_personality),$25_Million_Dollar_Hoax,link
300567,1245168,21,Hidden_camera,$25_Million_Dollar_Hoax,link
429120,1245168,19,List_of_reality_television_programs,$25_Million_Dollar_Hoax,link
36094463,28612415,11,Diplo_production_discography,$O$_(Die_Antwoord_album),other
28588118,28612415,624,5_(Die_Antwoord_EP),$O$_(Die_Antwoord_album),other
29286930,28612415,385,Yolandi_Visser,$O$_(Die_Antwoord_album),other
26182691,28612415,294,Watkin_Tudor_Jones,$O$_(Die_Antwoord_album),other
34571991,28612415,446,Tension_(Die_Antwoord_album),$O$_(Die_Antwoord_album),other
28196738,28612415,32,MaxNormal.TV,$O$_(Die_Antwoord_album),other
,28612415,241,other-empty,$O$_(Die_Antwoord_album),other
,28612415,541,other-google,$O$_(Die_Antwoord_album),other
,28612415,30,other-wikipedia,$O$_(Die_Antwoord_album),other
35421075,28612415,49,Evil_Boy,$O$_(Die_Antwoord_album),other
26050642,28612415,2527,Die_Antwoord,$O$_(Die_Antwoord_album),other
22155074,10231968,11,C$_(disambiguation),$_(disambiguation),link
2308563,10231968,140,Dollar_sign,$_(disambiguation),link
,10231968,14,other-google,$_(disambiguation),other
,10231968,88,other-wikipedia,$_(disambiguation),other
,10231968,116,other-empty,$_(disambiguation),other
3361673,4213160,25,Town_&_Country_(film),$_(film),link
801116,4213160,31,Richard_Brooks,$_(film),link
,4213160,75,other-empty,$_(film),other
171680,4213160,10,1971_in_film,$_(film),link
313518,4213160,37,Gert_Fröbe,$_(film),link
48071,4213160,123,Goldie_Hawn,$_(film),link
1022198,4213160,12,Heist,$_(film),link
,4213160,10,other-other,$_(film),other
62809,4213160,140,Warren_Beatty,$_(film),link
,4213160,40,other-wikipedia,$_(film),other
,4213160,86,other-google,$_(film),other
12379987,4213160,14,List_of_crime_films_of_the_1970s,$_(film),link
11984730,4597115,11,Index_of_human_sexuality_articles,$pread,link
,4597115,26,other-empty,$pread,other
22814756,4597115,12,Madison_Young,$pread,link
,4597115,99,other-google,$pread,other
,4597115,32,other-wikipedia,$pread,other
33545134,4597115,27,Nica_Noelle,$pread,link
326309,1831030,15,Robert_Goulet,"$pringfield_(or,_How_I_Learned_to_Stop_Worrying_and_Love_Legalized_Gambling)",other
1681057,1831030,14,Treehouse_of_Horror_XIII,"$pringfield_(or,_How_I_Learned_to_Stop_Worrying_and_Love_Legalized_Gambling)",other
,1831030,17,other-bing,"$pringfield_(or,_How_I_Learned_to_Stop_Worrying_and_Love_Legalized_Gambling)",other
3620042,1831030,11,Sweet_Seymour_Skinner's_Baadasssss_Song,"$pringfield_(or,_How_I_Learned_to_Stop_Worrying_and_Love_Legalized_Gambling)",link
57850,1831030,13,Springfield,"$pringfield_(or,_How_I_Learned_to_Stop_Worrying_and_Love_Legalized_Gambling)",other
4939444,1831030,84,The_Simpsons_(season_5),"$pringfield_(or,_How_I_Learned_to_Stop_Worrying_and_Love_Legalized_Gambling)",link
292279,1831030,32,List_of_recurring_The_Simpsons_characters,"$pringfield_(or,_How_I_Learned_to_Stop_Worrying_and_Love_Legalized_Gambling)",other
140332,1831030,149,List_of_The_Simpsons_episodes,"$pringfield_(or,_How_I_Learned_to_Stop_Worrying_and_Love_Legalized_Gambling)",link
14059,1831030,77,Howard_Hughes,"$pringfield_(or,_How_I_Learned_to_Stop_Worrying_and_Love_Legalized_Gambling)",other
,1831030,48,other-wikipedia,"$pringfield_(or,_How_I_Learned_to_Stop_Worrying_and_Love_Legalized_Gambling)",other
,1831030,741,other-google,"$pringfield_(or,_How_I_Learned_to_Stop_Worrying_and_Love_Legalized_Gambling)",other
598368,1831030,12,Josh_Weinstein,"$pringfield_(or,_How_I_Learned_to_Stop_Worrying_and_Love_Legalized_Gambling)",other
2011385,1831030,29,Homer_the_Vigilante,"$pringfield_(or,_How_I_Learned_to_Stop_Worrying_and_Love_Legalized_Gambling)",link
1889929,1831030,12,Saddlesore_Galactica,"$pringfield_(or,_How_I_Learned_to_Stop_Worrying_and_Love_Legalized_Gambling)",other
,1831030,270,other-empty,"$pringfield_(or,_How_I_Learned_to_Stop_Worrying_and_Love_Legalized_Gambling)",other
3605255,1831030,44,The_Last_Temptation_of_Homer,"$pringfield_(or,_How_I_Learned_to_Stop_Worrying_and_Love_Legalized_Gambling)",link
,1578140,1820,other-google,%s,other
,1578140,13,other-twitter,%s,other
,1578140,233,other-wikipedia,%s,other
,1578140,29756,other-empty,%s,other
,1578140,31,other-yahoo,%s,other
,1578140,103,other-other,%s,other
